{
  "project_info": {
    "project_number": "489479918500",
    "project_id": "ev-ilani-286a0",
    "storage_bucket": "ev-ilani-286a0.firebasestorage.app"
  },
  "client": [
    {
      "client_info": {
        "mobilesdk_app_id": "1:489479918500:android:b46fcc6d55fb70421ba731",
        "android_client_info": {
          "package_name": "com.example.ev_ilani"
        }
      },
      "oauth_client": [],
      "api_key": [
        {
          "current_key": "AIzaSyBlJps7U-56_B_lnFwNzAaNDTaDX-1CFxQ"
        }
      ],
      "services": {
        "appinvite_service": {
          "other_platform_oauth_client": []
        }
      }
    }
  ],
  "configuration_version": "1"
}